Workbook

Sheet Target
A2: Kegiatan | B2: Target | C2: Minggu ke-1 | D2: Minggu ke-2 | E2: Minggu ke-3 | F2: Minggu ke-4
A3: Pemupukan dengan NPK | B3: Berkala setiap 20 hari | C3: TRUE | E3: TRUE
A4: Pemupukan Oganik (Kohe Kambing) | B4: Berkala setiap bulan | C4: TRUE
A5: Pengocoran EM4 | B5: Berkala setiap bulan | D5: TRUE
A6: Pengocoran Tricodherma | B6: Berkala setiap bulan | F6: TRUE
A7: Penyemprotan pupuk daun | B7: berkala setiap 2 minggu | D7: TRUE | F7: TRUE
A8: Penyemprotan insektisida | B8: berkala setiap 2 minggu | C8: TRUE | E8: TRUE
A9: Prunning | B9: Setiap 3 Bulan/setelah panen
A10: Panen | B10: Sesuai Waktu kematangan

Sheet Jadwal
A1: JADWAL TREATMENT ALPUKAT & KELENGKENG
A3: Kegitan | B3: Jadwal M1 | C3: Dosis perpohon (gr/ml/phn) | D3: Status | E3: Jadwal M2 | F3: Dosis perpohon (gr/ml/phn) | G3: Status | H3: Jadwal M3 | I3: Dosis perpohon (gr/ml/phn) | J3: Status | K3: Jadwal M4 | L3: Dosis perpohon (gr/ml/phn) | M3: Status
A4: =Target!A3 -> Pemupukan dengan NPK | B4: 46143 | C4: 500 | D4: =IF(B4="","",IF(ISNUMBER(C4),"SELESAI",IF(B4<TODAY(),"TERLAMBAT",IF(B4=TODAY(),"KERJAKAN",IF(B4-TODAY()<=3,"SEGERA","Terjadwal"))))) -> SELESAI | G4: =IF(E4="","",IF(ISNUMBER(F4),"SELESAI",IF(E4<TODAY(),"TERLAMBAT",IF(E4=TODAY(),"KERJAKAN",IF(E4-TODAY()<=3,"SEGERA","Terjadwal"))))) | J4: =IF(H4="","",IF(ISNUMBER(I4),"SELESAI",IF(H4<TODAY(),"TERLAMBAT",IF(H4=TODAY(),"KERJAKAN",IF(H4-TODAY()<=3,"SEGERA","Terjadwal"))))) | K4: 46162 | M4: =IF(K4="","",IF(ISNUMBER(L4),"SELESAI",IF(K4<TODAY(),"TERLAMBAT",IF(K4=TODAY(),"KERJAKAN",IF(K4-TODAY()<=3,"SEGERA","Terjadwal"))))) -> Terjadwal
A5: =Target!A4 -> Pemupukan Oganik (Kohe Kambing) | B5: 46143 | D5: =IF(B5="","",IF(ISNUMBER(C5),"SELESAI",IF(B5<TODAY(),"TERLAMBAT",IF(B5=TODAY(),"KERJAKAN",IF(B5-TODAY()<=3,"SEGERA","Terjadwal"))))) -> Terjadwal | G5: =IF(E5="","",IF(ISNUMBER(F5),"SELESAI",IF(E5<TODAY(),"TERLAMBAT",IF(E5=TODAY(),"KERJAKAN",IF(E5-TODAY()<=3,"SEGERA","Terjadwal"))))) | J5: =IF(H5="","",IF(ISNUMBER(I5),"SELESAI",IF(H5<TODAY(),"TERLAMBAT",IF(H5=TODAY(),"KERJAKAN",IF(H5-TODAY()<=3,"SEGERA","Terjadwal"))))) | M5: =IF(K5="","",IF(ISNUMBER(L5),"SELESAI",IF(K5<TODAY(),"TERLAMBAT",IF(K5=TODAY(),"KERJAKAN",IF(K5-TODAY()<=3,"SEGERA","Terjadwal")))))
A6: =Target!A5 -> Pengocoran EM4 | D6: =IF(B6="","",IF(ISNUMBER(C6),"SELESAI",IF(B6<TODAY(),"TERLAMBAT",IF(B6=TODAY(),"KERJAKAN",IF(B6-TODAY()<=3,"SEGERA","Terjadwal"))))) | E6: 46153 | G6: =IF(E6="","",IF(ISNUMBER(F6),"SELESAI",IF(E6<TODAY(),"TERLAMBAT",IF(E6=TODAY(),"KERJAKAN",IF(E6-TODAY()<=3,"SEGERA","Terjadwal"))))) -> Terjadwal | J6: =IF(H6="","",IF(ISNUMBER(I6),"SELESAI",IF(H6<TODAY(),"TERLAMBAT",IF(H6=TODAY(),"KERJAKAN",IF(H6-TODAY()<=3,"SEGERA","Terjadwal"))))) | K6: 46167 | M6: =IF(K6="","",IF(ISNUMBER(L6),"SELESAI",IF(K6<TODAY(),"TERLAMBAT",IF(K6=TODAY(),"KERJAKAN",IF(K6-TODAY()<=3,"SEGERA","Terjadwal"))))) -> Terjadwal
A7: =Target!A6 -> Pengocoran Tricodherma | B7: 46146 | D7: =IF(B7="","",IF(ISNUMBER(C7),"SELESAI",IF(B7<TODAY(),"TERLAMBAT",IF(B7=TODAY(),"KERJAKAN",IF(B7-TODAY()<=3,"SEGERA","Terjadwal"))))) -> Terjadwal | G7: =IF(E7="","",IF(ISNUMBER(F7),"SELESAI",IF(E7<TODAY(),"TERLAMBAT",IF(E7=TODAY(),"KERJAKAN",IF(E7-TODAY()<=3,"SEGERA","Terjadwal"))))) | H7: 46160 | J7: =IF(H7="","",IF(ISNUMBER(I7),"SELESAI",IF(H7<TODAY(),"TERLAMBAT",IF(H7=TODAY(),"KERJAKAN",IF(H7-TODAY()<=3,"SEGERA","Terjadwal"))))) -> Terjadwal | M7: =IF(K7="","",IF(ISNUMBER(L7),"SELESAI",IF(K7<TODAY(),"TERLAMBAT",IF(K7=TODAY(),"KERJAKAN",IF(K7-TODAY()<=3,"SEGERA","Terjadwal")))))
A8: =Target!A7 -> Penyemprotan pupuk daun | B8: 46149 | D8: =IF(B8="","",IF(ISNUMBER(C8),"SELESAI",IF(B8<TODAY(),"TERLAMBAT",IF(B8=TODAY(),"KERJAKAN",IF(B8-TODAY()<=3,"SEGERA","Terjadwal"))))) -> Terjadwal | G8: =IF(E8="","",IF(ISNUMBER(F8),"SELESAI",IF(E8<TODAY(),"TERLAMBAT",IF(E8=TODAY(),"KERJAKAN",IF(E8-TODAY()<=3,"SEGERA","Terjadwal"))))) | H8: 46163 | J8: =IF(H8="","",IF(ISNUMBER(I8),"SELESAI",IF(H8<TODAY(),"TERLAMBAT",IF(H8=TODAY(),"KERJAKAN",IF(H8-TODAY()<=3,"SEGERA","Terjadwal"))))) -> Terjadwal | M8: =IF(K8="","",IF(ISNUMBER(L8),"SELESAI",IF(K8<TODAY(),"TERLAMBAT",IF(K8=TODAY(),"KERJAKAN",IF(K8-TODAY()<=3,"SEGERA","Terjadwal")))))
A9: =Target!A8 -> Penyemprotan insektisida | D9: =IF(B9="","",IF(ISNUMBER(C9),"SELESAI",IF(B9<TODAY(),"TERLAMBAT",IF(B9=TODAY(),"KERJAKAN",IF(B9-TODAY()<=3,"SEGERA","Terjadwal"))))) | E9: 46156 | G9: =IF(E9="","",IF(ISNUMBER(F9),"SELESAI",IF(E9<TODAY(),"TERLAMBAT",IF(E9=TODAY(),"KERJAKAN",IF(E9-TODAY()<=3,"SEGERA","Terjadwal"))))) -> Terjadwal | J9: =IF(H9="","",IF(ISNUMBER(I9),"SELESAI",IF(H9<TODAY(),"TERLAMBAT",IF(H9=TODAY(),"KERJAKAN",IF(H9-TODAY()<=3,"SEGERA","Terjadwal"))))) | K9: 46170 | M9: =IF(K9="","",IF(ISNUMBER(L9),"SELESAI",IF(K9<TODAY(),"TERLAMBAT",IF(K9=TODAY(),"KERJAKAN",IF(K9-TODAY()<=3,"SEGERA","Terjadwal"))))) -> Terjadwal
A10: =Target!A9 -> Prunning | B10: 46127 | D10: =IF(B10="","",IF(ISNUMBER(C10),"SELESAI",IF(B10<TODAY(),"TERLAMBAT",IF(B10=TODAY(),"KERJAKAN",IF(B10-TODAY()<=3,"SEGERA","Terjadwal"))))) -> TERLAMBAT | G10: =IF(E10="","",IF(ISNUMBER(F10),"SELESAI",IF(E10<TODAY(),"TERLAMBAT",IF(E10=TODAY(),"KERJAKAN",IF(E10-TODAY()<=3,"SEGERA","Terjadwal"))))) | J10: =IF(H10="","",IF(ISNUMBER(I10),"SELESAI",IF(H10<TODAY(),"TERLAMBAT",IF(H10=TODAY(),"KERJAKAN",IF(H10-TODAY()<=3,"SEGERA","Terjadwal"))))) | M10: =IF(K10="","",IF(ISNUMBER(L10),"SELESAI",IF(K10<TODAY(),"TERLAMBAT",IF(K10=TODAY(),"KERJAKAN",IF(K10-TODAY()<=3,"SEGERA","Terjadwal")))))
A11: Panen
